Council,DogOwners,MultiDogOwners
Adelaide,1063,133
Adelaide Hills,7394,1850
Adelaide Plains,2695,1130
Alexandrina,6128,1619
Barossa,4526,1106
Barunga West,512,126
Berri Barmera,1827,438
Burnside,4680,798
Campbelltown (SA),4922,745
Ceduna,565,137
Charles Sturt,13919,2211
Clare and Gilbert Valleys,1927,550
Cleve,295,90
Coober Pedy,247,55
Coorong,1147,392
Copper Coast,2893,643
Elliston,244,71
Flinders Ranges,382,121
Franklin Harbour,216,59
Gawler,4878,1193
Goyder,946,342
Grant,1866,651
Holdfast Bay,4890,781
Kangaroo Island,1156,337
Karoonda East Murray,253,87
Kimba,173,64
Kingston (SA),510,163
Light,3180,998
Lower Eyre,1163,268
Loxton Waikerie,2002,464
Marion,12068,1968
Mid Murray,2016,612
Mitcham,9011,1687
Mount Barker,7469,1886
Mount Gambier,4392,1008
Mount Remarkable,606,202
Murray Bridge,4050,1068
Naracoorte Lucindale,1451,498
Northern Areas,949,289
Norwood Payneham and St Peters,3567,479
Onkaparinga,29813,6007
Orroroo Carrieton,173,66
Peterborough,420,127
Playford,16308,3850
Port Adelaide Enfield,14240,2574
Port Augusta,2541,669
Port Lincoln,2388,457
Port Pirie,3431,880
Prospect,2216,373
Renmark Paringa,1506,328
Robe,347,103
Roxby Downs,526,140
Salisbury,16829,3423
Southern Mallee,371,131
Streaky Bay,465,131
Tatiara,1114,388
Tea Tree Gully,15184,2823
Tumby Bay,450,108
Unley,4227,678
Victor Harbor,2960,663
Wakefield,1330,414
Walkerville,789,129
Wattle Range,2440,718
West Torrens,6187,888
Whyalla,4213,969
Wudinna,216,81
Yankalilla,1304,353
Yorke Peninsula,2164,484