Breed,Appearances,Label
Border Collie,63,Border Collie
Australian Kelpie,47,Australian|Kelpie
Maltese Cross,47,Maltese Cross
Jack Russell Terrier,40,Jack Russell|Terrier
Labrador Retriever,30,Labrador|Retriever
Australian Kelpie Cross,27,Australian|Kelpie Cross
Cavalier King Charles Spaniel Cross,14,Cavalier King|Charles|Spaniel Cross
Staffordshire Bull Terrier,14,Staffordshire|Bull Terrier
Golden Retriever,11,Golden|Retriever
American Staffordshire Terrier,11,American|Staffordshire|Terrier
Australian Cattle Dog,9,Australian|Cattle Dog
Labrador Retriever Cross,8,Labrador|Retriever Cross
Border Collie Cross,4,Border Collie|Cross
Staffordshire Bull Terrier Cross,3,Staffordshire|Bull Terrier|Cross
Greyhound,2,Greyhound
Maltese,2,Maltese
Jack Russell Terrier Cross,2,Jack Russell|Terrier Cross
German Shepherd Dog,1,German|Shepherd Dog
Schnauzer (Miniature),1,Schnauzer|(Miniature)
Cavalier King Charles Spaniel,1,Cavalier King|Charles Spaniel
Bullmastiff Cross,1,Bullmastiff|Cross
Unknown Cross,1,Unknown Cross
Australian Koolie,1,Australian|Koolie